"","category","name","reviewer","review","date","ratings"
"1","Handbags",NA,NA,"",NA,"Enter the characters you see below
                Sorry, we just need to make sure you're not a robot. For best results, please make sure your browser is accepting cookies.
                
            

            

                
                    

                        
                            
                                
                                    
                                        Type the characters you see in this image:
                                        
                                        
                                            
                                        
                                            
                                                
                                                
                                                
                                                    Try different image
                                                
                                            
                                            
                                    
                                
                            

                            

                                
                                    
                                        
                                            Continue shopping"
"2","Handbags",NA,NA,"",NA,""
"3","Handbags",NA,NA,"",NA,"Type the characters you see in this image:
                                        
                                        
                                            
                                        
                                            
                                                
                                                
                                                
                                                    Try different image"
"4","Handbags",NA,NA,"",NA,""
"5","Handbags",NA,NA,NA,NA,"Try different image"
"6","Handbags",NA,NA,NA,NA,"Try different image"
"7","Handbags",NA,NA,NA,NA,"Continue shopping"
"8","Handbags",NA,NA,NA,NA,NA
"9","Handbags",NA,NA,NA,NA,NA
"10","Handbags",NA,NA,NA,NA,NA
"11","Handbags",NA,NA,"",NA,"Enter the characters you see below
                Sorry, we just need to make sure you're not a robot. For best results, please make sure your browser is accepting cookies.
                
            

            

                
                    

                        
                            
                                
                                    
                                        Type the characters you see in this image:
                                        
                                        
                                            
                                        
                                            
                                                
                                                
                                                
                                                    Try different image
                                                
                                            
                                            
                                    
                                
                            

                            

                                
                                    
                                        
                                            Continue shopping"
"12","Handbags",NA,NA,"",NA,""
"13","Handbags",NA,NA,"",NA,"Type the characters you see in this image:
                                        
                                        
                                            
                                        
                                            
                                                
                                                
                                                
                                                    Try different image"
"14","Handbags",NA,NA,"",NA,""
"15","Handbags",NA,NA,NA,NA,"Try different image"
"16","Handbags",NA,NA,NA,NA,"Try different image"
"17","Handbags",NA,NA,NA,NA,"Continue shopping"
"18","Handbags",NA,NA,NA,NA,NA
"19","Handbags",NA,NA,NA,NA,NA
"20","Handbags",NA,NA,NA,NA,NA
"21","Handbags",NA,NA,"",NA,"Enter the characters you see below
                Sorry, we just need to make sure you're not a robot. For best results, please make sure your browser is accepting cookies.
                
            

            

                
                    

                        
                            
                                
                                    
                                        Type the characters you see in this image:
                                        
                                        
                                            
                                        
                                            
                                                
                                                
                                                
                                                    Try different image
                                                
                                            
                                            
                                    
                                
                            

                            

                                
                                    
                                        
                                            Continue shopping"
"22","Handbags",NA,NA,"",NA,""
"23","Handbags",NA,NA,"",NA,"Type the characters you see in this image:
                                        
                                        
                                            
                                        
                                            
                                                
                                                
                                                
                                                    Try different image"
"24","Handbags",NA,NA,"",NA,""
"25","Handbags",NA,NA,NA,NA,"Try different image"
"26","Handbags",NA,NA,NA,NA,"Try different image"
"27","Handbags",NA,NA,NA,NA,"Continue shopping"
"28","Handbags",NA,NA,NA,NA,NA
"29","Handbags",NA,NA,NA,NA,NA
"30","Handbags",NA,NA,NA,NA,NA
"31","Handbags",NA,NA,"",NA,"Enter the characters you see below
                Sorry, we just need to make sure you're not a robot. For best results, please make sure your browser is accepting cookies.
                
            

            

                
                    

                        
                            
                                
                                    
                                        Type the characters you see in this image:
                                        
                                        
                                            
                                        
                                            
                                                
                                                
                                                
                                                    Try different image
                                                
                                            
                                            
                                    
                                
                            

                            

                                
                                    
                                        
                                            Continue shopping"
"32","Handbags",NA,NA,"",NA,""
"33","Handbags",NA,NA,"",NA,"Type the characters you see in this image:
                                        
                                        
                                            
                                        
                                            
                                                
                                                
                                                
                                                    Try different image"
"34","Handbags",NA,NA,"",NA,""
"35","Handbags",NA,NA,NA,NA,"Try different image"
"36","Handbags",NA,NA,NA,NA,"Try different image"
"37","Handbags",NA,NA,NA,NA,"Continue shopping"
"38","Handbags",NA,NA,NA,NA,NA
"39","Handbags",NA,NA,NA,NA,NA
"40","Handbags",NA,NA,NA,NA,NA
"41","Handbags",NA,NA,"",NA,"Enter the characters you see below
                Sorry, we just need to make sure you're not a robot. For best results, please make sure your browser is accepting cookies.
                
            

            

                
                    

                        
                            
                                
                                    
                                        Type the characters you see in this image:
                                        
                                        
                                            
                                        
                                            
                                                
                                                
                                                
                                                    Try different image
                                                
                                            
                                            
                                    
                                
                            

                            

                                
                                    
                                        
                                            Continue shopping"
"42","Handbags",NA,NA,"",NA,""
"43","Handbags",NA,NA,"",NA,"Type the characters you see in this image:
                                        
                                        
                                            
                                        
                                            
                                                
                                                
                                                
                                                    Try different image"
"44","Handbags",NA,NA,"",NA,""
"45","Handbags",NA,NA,NA,NA,"Try different image"
"46","Handbags",NA,NA,NA,NA,"Try different image"
"47","Handbags",NA,NA,NA,NA,"Continue shopping"
"48","Handbags",NA,NA,NA,NA,NA
"49","Handbags",NA,NA,NA,NA,NA
"50","Handbags",NA,NA,NA,NA,NA
"51","Handbags",NA,NA,"",NA,"Enter the characters you see below
                Sorry, we just need to make sure you're not a robot. For best results, please make sure your browser is accepting cookies.
                
            

            

                
                    

                        
                            
                                
                                    
                                        Type the characters you see in this image:
                                        
                                        
                                            
                                        
                                            
                                                
                                                
                                                
                                                    Try different image
                                                
                                            
                                            
                                    
                                
                            

                            

                                
                                    
                                        
                                            Continue shopping"
"52","Handbags",NA,NA,"",NA,""
"53","Handbags",NA,NA,"",NA,"Type the characters you see in this image:
                                        
                                        
                                            
                                        
                                            
                                                
                                                
                                                
                                                    Try different image"
"54","Handbags",NA,NA,"",NA,""
"55","Handbags",NA,NA,NA,NA,"Try different image"
"56","Handbags",NA,NA,NA,NA,"Try different image"
"57","Handbags",NA,NA,NA,NA,"Continue shopping"
"58","Handbags",NA,NA,NA,NA,NA
"59","Handbags",NA,NA,NA,NA,NA
"60","Handbags",NA,NA,NA,NA,NA
"61","Handbags",NA,NA,"",NA,"Enter the characters you see below
                Sorry, we just need to make sure you're not a robot. For best results, please make sure your browser is accepting cookies.
                
            

            

                
                    

                        
                            
                                
                                    
                                        Type the characters you see in this image:
                                        
                                        
                                            
                                        
                                            
                                                
                                                
                                                
                                                    Try different image
                                                
                                            
                                            
                                    
                                
                            

                            

                                
                                    
                                        
                                            Continue shopping"
"62","Handbags",NA,NA,"",NA,""
"63","Handbags",NA,NA,"",NA,"Type the characters you see in this image:
                                        
                                        
                                            
                                        
                                            
                                                
                                                
                                                
                                                    Try different image"
"64","Handbags",NA,NA,"",NA,""
"65","Handbags",NA,NA,NA,NA,"Try different image"
"66","Handbags",NA,NA,NA,NA,"Try different image"
"67","Handbags",NA,NA,NA,NA,"Continue shopping"
"68","Handbags",NA,NA,NA,NA,NA
"69","Handbags",NA,NA,NA,NA,NA
"70","Handbags",NA,NA,NA,NA,NA
"71","Handbags",NA,NA,"",NA,"Enter the characters you see below
                Sorry, we just need to make sure you're not a robot. For best results, please make sure your browser is accepting cookies.
                
            

            

                
                    

                        
                            
                                
                                    
                                        Type the characters you see in this image:
                                        
                                        
                                            
                                        
                                            
                                                
                                                
                                                
                                                    Try different image
                                                
                                            
                                            
                                    
                                
                            

                            

                                
                                    
                                        
                                            Continue shopping"
"72","Handbags",NA,NA,"",NA,""
"73","Handbags",NA,NA,"",NA,"Type the characters you see in this image:
                                        
                                        
                                            
                                        
                                            
                                                
                                                
                                                
                                                    Try different image"
"74","Handbags",NA,NA,"",NA,""
"75","Handbags",NA,NA,NA,NA,"Try different image"
"76","Handbags",NA,NA,NA,NA,"Try different image"
"77","Handbags",NA,NA,NA,NA,"Continue shopping"
"78","Handbags",NA,NA,NA,NA,NA
"79","Handbags",NA,NA,NA,NA,NA
"80","Handbags",NA,NA,NA,NA,NA
"81","Handbags",NA,NA,"",NA,"Enter the characters you see below
                Sorry, we just need to make sure you're not a robot. For best results, please make sure your browser is accepting cookies.
                
            

            

                
                    

                        
                            
                                
                                    
                                        Type the characters you see in this image:
                                        
                                        
                                            
                                        
                                            
                                                
                                                
                                                
                                                    Try different image
                                                
                                            
                                            
                                    
                                
                            

                            

                                
                                    
                                        
                                            Continue shopping"
"82","Handbags",NA,NA,"",NA,""
"83","Handbags",NA,NA,"",NA,"Type the characters you see in this image:
                                        
                                        
                                            
                                        
                                            
                                                
                                                
                                                
                                                    Try different image"
"84","Handbags",NA,NA,"",NA,""
"85","Handbags",NA,NA,NA,NA,"Try different image"
"86","Handbags",NA,NA,NA,NA,"Try different image"
"87","Handbags",NA,NA,NA,NA,"Continue shopping"
"88","Handbags",NA,NA,NA,NA,NA
"89","Handbags",NA,NA,NA,NA,NA
"90","Handbags",NA,NA,NA,NA,NA
"91","Handbags",NA,NA,"",NA,"Enter the characters you see below
                Sorry, we just need to make sure you're not a robot. For best results, please make sure your browser is accepting cookies.
                
            

            

                
                    

                        
                            
                                
                                    
                                        Type the characters you see in this image:
                                        
                                        
                                            
                                        
                                            
                                                
                                                
                                                
                                                    Try different image
                                                
                                            
                                            
                                    
                                
                            

                            

                                
                                    
                                        
                                            Continue shopping"
"92","Handbags",NA,NA,"",NA,""
"93","Handbags",NA,NA,"",NA,"Type the characters you see in this image:
                                        
                                        
                                            
                                        
                                            
                                                
                                                
                                                
                                                    Try different image"
"94","Handbags",NA,NA,"",NA,""
"95","Handbags",NA,NA,NA,NA,"Try different image"
"96","Handbags",NA,NA,NA,NA,"Try different image"
"97","Handbags",NA,NA,NA,NA,"Continue shopping"
"98","Handbags",NA,NA,NA,NA,NA
"99","Handbags",NA,NA,NA,NA,NA
"100","Handbags",NA,NA,NA,NA,NA
"101","Handbags",NA,NA,"",NA,"Enter the characters you see below
                Sorry, we just need to make sure you're not a robot. For best results, please make sure your browser is accepting cookies.
                
            

            

                
                    

                        
                            
                                
                                    
                                        Type the characters you see in this image:
                                        
                                        
                                            
                                        
                                            
                                                
                                                
                                                
                                                    Try different image
                                                
                                            
                                            
                                    
                                
                            

                            

                                
                                    
                                        
                                            Continue shopping"
"102","Handbags",NA,NA,"",NA,""
"103","Handbags",NA,NA,"",NA,"Type the characters you see in this image:
                                        
                                        
                                            
                                        
                                            
                                                
                                                
                                                
                                                    Try different image"
"104","Handbags",NA,NA,"",NA,""
"105","Handbags",NA,NA,NA,NA,"Try different image"
"106","Handbags",NA,NA,NA,NA,"Try different image"
"107","Handbags",NA,NA,NA,NA,"Continue shopping"
"108","Handbags",NA,NA,NA,NA,NA
"109","Handbags",NA,NA,NA,NA,NA
"110","Handbags",NA,NA,NA,NA,NA
"111","Handbags",NA,NA,"",NA,"Enter the characters you see below
                Sorry, we just need to make sure you're not a robot. For best results, please make sure your browser is accepting cookies.
                
            

            

                
                    

                        
                            
                                
                                    
                                        Type the characters you see in this image:
                                        
                                        
                                            
                                        
                                            
                                                
                                                
                                                
                                                    Try different image
                                                
                                            
                                            
                                    
                                
                            

                            

                                
                                    
                                        
                                            Continue shopping"
"112","Handbags",NA,NA,"",NA,""
"113","Handbags",NA,NA,"",NA,"Type the characters you see in this image:
                                        
                                        
                                            
                                        
                                            
                                                
                                                
                                                
                                                    Try different image"
"114","Handbags",NA,NA,"",NA,""
"115","Handbags",NA,NA,NA,NA,"Try different image"
"116","Handbags",NA,NA,NA,NA,"Try different image"
"117","Handbags",NA,NA,NA,NA,"Continue shopping"
"118","Handbags",NA,NA,NA,NA,NA
"119","Handbags",NA,NA,NA,NA,NA
"120","Handbags",NA,NA,NA,NA,NA
"121","Handbags",NA,NA,"",NA,"Enter the characters you see below
                Sorry, we just need to make sure you're not a robot. For best results, please make sure your browser is accepting cookies.
                
            

            

                
                    

                        
                            
                                
                                    
                                        Type the characters you see in this image:
                                        
                                        
                                            
                                        
                                            
                                                
                                                
                                                
                                                    Try different image
                                                
                                            
                                            
                                    
                                
                            

                            

                                
                                    
                                        
                                            Continue shopping"
"122","Handbags",NA,NA,"",NA,""
"123","Handbags",NA,NA,"",NA,"Type the characters you see in this image:
                                        
                                        
                                            
                                        
                                            
                                                
                                                
                                                
                                                    Try different image"
"124","Handbags",NA,NA,"",NA,""
"125","Handbags",NA,NA,NA,NA,"Try different image"
"126","Handbags",NA,NA,NA,NA,"Try different image"
"127","Handbags",NA,NA,NA,NA,"Continue shopping"
"128","Handbags",NA,NA,NA,NA,NA
"129","Handbags",NA,NA,NA,NA,NA
"130","Handbags",NA,NA,NA,NA,NA
"131","Handbags",NA,NA,"",NA,"Enter the characters you see below
                Sorry, we just need to make sure you're not a robot. For best results, please make sure your browser is accepting cookies.
                
            

            

                
                    

                        
                            
                                
                                    
                                        Type the characters you see in this image:
                                        
                                        
                                            
                                        
                                            
                                                
                                                
                                                
                                                    Try different image
                                                
                                            
                                            
                                    
                                
                            

                            

                                
                                    
                                        
                                            Continue shopping"
"132","Handbags",NA,NA,"",NA,""
"133","Handbags",NA,NA,"",NA,"Type the characters you see in this image:
                                        
                                        
                                            
                                        
                                            
                                                
                                                
                                                
                                                    Try different image"
"134","Handbags",NA,NA,"",NA,""
"135","Handbags",NA,NA,NA,NA,"Try different image"
"136","Handbags",NA,NA,NA,NA,"Try different image"
"137","Handbags",NA,NA,NA,NA,"Continue shopping"
"138","Handbags",NA,NA,NA,NA,NA
"139","Handbags",NA,NA,NA,NA,NA
"140","Handbags",NA,NA,NA,NA,NA
"141","Handbags",NA,NA,"",NA,"Enter the characters you see below
                Sorry, we just need to make sure you're not a robot. For best results, please make sure your browser is accepting cookies.
                
            

            

                
                    

                        
                            
                                
                                    
                                        Type the characters you see in this image:
                                        
                                        
                                            
                                        
                                            
                                                
                                                
                                                
                                                    Try different image
                                                
                                            
                                            
                                    
                                
                            

                            

                                
                                    
                                        
                                            Continue shopping"
"142","Handbags",NA,NA,"",NA,""
"143","Handbags",NA,NA,"",NA,"Type the characters you see in this image:
                                        
                                        
                                            
                                        
                                            
                                                
                                                
                                                
                                                    Try different image"
"144","Handbags",NA,NA,"",NA,""
"145","Handbags",NA,NA,NA,NA,"Try different image"
"146","Handbags",NA,NA,NA,NA,"Try different image"
"147","Handbags",NA,NA,NA,NA,"Continue shopping"
"148","Handbags",NA,NA,NA,NA,NA
"149","Handbags",NA,NA,NA,NA,NA
"150","Handbags",NA,NA,NA,NA,NA
"151","Handbags",NA,NA,"",NA,"Enter the characters you see below
                Sorry, we just need to make sure you're not a robot. For best results, please make sure your browser is accepting cookies.
                
            

            

                
                    

                        
                            
                                
                                    
                                        Type the characters you see in this image:
                                        
                                        
                                            
                                        
                                            
                                                
                                                
                                                
                                                    Try different image
                                                
                                            
                                            
                                    
                                
                            

                            

                                
                                    
                                        
                                            Continue shopping"
"152","Handbags",NA,NA,"",NA,""
"153","Handbags",NA,NA,"",NA,"Type the characters you see in this image:
                                        
                                        
                                            
                                        
                                            
                                                
                                                
                                                
                                                    Try different image"
"154","Handbags",NA,NA,"",NA,""
"155","Handbags",NA,NA,NA,NA,"Try different image"
"156","Handbags",NA,NA,NA,NA,"Try different image"
"157","Handbags",NA,NA,NA,NA,"Continue shopping"
"158","Handbags",NA,NA,NA,NA,NA
"159","Handbags",NA,NA,NA,NA,NA
"160","Handbags",NA,NA,NA,NA,NA
"161","Handbags",NA,NA,"",NA,"Enter the characters you see below
                Sorry, we just need to make sure you're not a robot. For best results, please make sure your browser is accepting cookies.
                
            

            

                
                    

                        
                            
                                
                                    
                                        Type the characters you see in this image:
                                        
                                        
                                            
                                        
                                            
                                                
                                                
                                                
                                                    Try different image
                                                
                                            
                                            
                                    
                                
                            

                            

                                
                                    
                                        
                                            Continue shopping"
"162","Handbags",NA,NA,"",NA,""
"163","Handbags",NA,NA,"",NA,"Type the characters you see in this image:
                                        
                                        
                                            
                                        
                                            
                                                
                                                
                                                
                                                    Try different image"
"164","Handbags",NA,NA,"",NA,""
"165","Handbags",NA,NA,NA,NA,"Try different image"
"166","Handbags",NA,NA,NA,NA,"Try different image"
"167","Handbags",NA,NA,NA,NA,"Continue shopping"
"168","Handbags",NA,NA,NA,NA,NA
"169","Handbags",NA,NA,NA,NA,NA
"170","Handbags",NA,NA,NA,NA,NA
"171","Handbags",NA,NA,"",NA,"Enter the characters you see below
                Sorry, we just need to make sure you're not a robot. For best results, please make sure your browser is accepting cookies.
                
            

            

                
                    

                        
                            
                                
                                    
                                        Type the characters you see in this image:
                                        
                                        
                                            
                                        
                                            
                                                
                                                
                                                
                                                    Try different image
                                                
                                            
                                            
                                    
                                
                            

                            

                                
                                    
                                        
                                            Continue shopping"
"172","Handbags",NA,NA,"",NA,""
"173","Handbags",NA,NA,"",NA,"Type the characters you see in this image:
                                        
                                        
                                            
                                        
                                            
                                                
                                                
                                                
                                                    Try different image"
"174","Handbags",NA,NA,"",NA,""
"175","Handbags",NA,NA,NA,NA,"Try different image"
"176","Handbags",NA,NA,NA,NA,"Try different image"
"177","Handbags",NA,NA,NA,NA,"Continue shopping"
"178","Handbags",NA,NA,NA,NA,NA
"179","Handbags",NA,NA,NA,NA,NA
"180","Handbags",NA,NA,NA,NA,NA
"181","Handbags",NA,NA,"",NA,"Enter the characters you see below
                Sorry, we just need to make sure you're not a robot. For best results, please make sure your browser is accepting cookies.
                
            

            

                
                    

                        
                            
                                
                                    
                                        Type the characters you see in this image:
                                        
                                        
                                            
                                        
                                            
                                                
                                                
                                                
                                                    Try different image
                                                
                                            
                                            
                                    
                                
                            

                            

                                
                                    
                                        
                                            Continue shopping"
"182","Handbags",NA,NA,"",NA,""
"183","Handbags",NA,NA,"",NA,"Type the characters you see in this image:
                                        
                                        
                                            
                                        
                                            
                                                
                                                
                                                
                                                    Try different image"
"184","Handbags",NA,NA,"",NA,""
"185","Handbags",NA,NA,NA,NA,"Try different image"
"186","Handbags",NA,NA,NA,NA,"Try different image"
"187","Handbags",NA,NA,NA,NA,"Continue shopping"
"188","Handbags",NA,NA,NA,NA,NA
"189","Handbags",NA,NA,NA,NA,NA
"190","Handbags",NA,NA,NA,NA,NA
"191","Handbags",NA,NA,"",NA,"Enter the characters you see below
                Sorry, we just need to make sure you're not a robot. For best results, please make sure your browser is accepting cookies.
                
            

            

                
                    

                        
                            
                                
                                    
                                        Type the characters you see in this image:
                                        
                                        
                                            
                                        
                                            
                                                
                                                
                                                
                                                    Try different image
                                                
                                            
                                            
                                    
                                
                            

                            

                                
                                    
                                        
                                            Continue shopping"
"192","Handbags",NA,NA,"",NA,""
"193","Handbags",NA,NA,"",NA,"Type the characters you see in this image:
                                        
                                        
                                            
                                        
                                            
                                                
                                                
                                                
                                                    Try different image"
"194","Handbags",NA,NA,"",NA,""
"195","Handbags",NA,NA,NA,NA,"Try different image"
"196","Handbags",NA,NA,NA,NA,"Try different image"
"197","Handbags",NA,NA,NA,NA,"Continue shopping"
"198","Handbags",NA,NA,NA,NA,NA
"199","Handbags",NA,NA,NA,NA,NA
"200","Handbags",NA,NA,NA,NA,NA
"201","Handbags",NA,NA,"",NA,"Enter the characters you see below
                Sorry, we just need to make sure you're not a robot. For best results, please make sure your browser is accepting cookies.
                
            

            

                
                    

                        
                            
                                
                                    
                                        Type the characters you see in this image:
                                        
                                        
                                            
                                        
                                            
                                                
                                                
                                                
                                                    Try different image
                                                
                                            
                                            
                                    
                                
                            

                            

                                
                                    
                                        
                                            Continue shopping"
"202","Handbags",NA,NA,"",NA,""
"203","Handbags",NA,NA,"",NA,"Type the characters you see in this image:
                                        
                                        
                                            
                                        
                                            
                                                
                                                
                                                
                                                    Try different image"
"204","Handbags",NA,NA,"",NA,""
"205","Handbags",NA,NA,NA,NA,"Try different image"
"206","Handbags",NA,NA,NA,NA,"Try different image"
"207","Handbags",NA,NA,NA,NA,"Continue shopping"
"208","Handbags",NA,NA,NA,NA,NA
"209","Handbags",NA,NA,NA,NA,NA
"210","Handbags",NA,NA,NA,NA,NA
"211","Handbags",NA,NA,"",NA,"Enter the characters you see below
                Sorry, we just need to make sure you're not a robot. For best results, please make sure your browser is accepting cookies.
                
            

            

                
                    

                        
                            
                                
                                    
                                        Type the characters you see in this image:
                                        
                                        
                                            
                                        
                                            
                                                
                                                
                                                
                                                    Try different image
                                                
                                            
                                            
                                    
                                
                            

                            

                                
                                    
                                        
                                            Continue shopping"
"212","Handbags",NA,NA,"",NA,""
"213","Handbags",NA,NA,"",NA,"Type the characters you see in this image:
                                        
                                        
                                            
                                        
                                            
                                                
                                                
                                                
                                                    Try different image"
"214","Handbags",NA,NA,"",NA,""
"215","Handbags",NA,NA,NA,NA,"Try different image"
"216","Handbags",NA,NA,NA,NA,"Try different image"
"217","Handbags",NA,NA,NA,NA,"Continue shopping"
"218","Handbags",NA,NA,NA,NA,NA
"219","Handbags",NA,NA,NA,NA,NA
"220","Handbags",NA,NA,NA,NA,NA
"221","Handbags",NA,NA,"",NA,"Enter the characters you see below
                Sorry, we just need to make sure you're not a robot. For best results, please make sure your browser is accepting cookies.
                
            

            

                
                    

                        
                            
                                
                                    
                                        Type the characters you see in this image:
                                        
                                        
                                            
                                        
                                            
                                                
                                                
                                                
                                                    Try different image
                                                
                                            
                                            
                                    
                                
                            

                            

                                
                                    
                                        
                                            Continue shopping"
"222","Handbags",NA,NA,"",NA,""
"223","Handbags",NA,NA,"",NA,"Type the characters you see in this image:
                                        
                                        
                                            
                                        
                                            
                                                
                                                
                                                
                                                    Try different image"
"224","Handbags",NA,NA,"",NA,""
"225","Handbags",NA,NA,NA,NA,"Try different image"
"226","Handbags",NA,NA,NA,NA,"Try different image"
"227","Handbags",NA,NA,NA,NA,"Continue shopping"
"228","Handbags",NA,NA,NA,NA,NA
"229","Handbags",NA,NA,NA,NA,NA
"230","Handbags",NA,NA,NA,NA,NA
"231","Handbags",NA,NA,"",NA,"Enter the characters you see below
                Sorry, we just need to make sure you're not a robot. For best results, please make sure your browser is accepting cookies.
                
            

            

                
                    

                        
                            
                                
                                    
                                        Type the characters you see in this image:
                                        
                                        
                                            
                                        
                                            
                                                
                                                
                                                
                                                    Try different image
                                                
                                            
                                            
                                    
                                
                            

                            

                                
                                    
                                        
                                            Continue shopping"
"232","Handbags",NA,NA,"",NA,""
"233","Handbags",NA,NA,"",NA,"Type the characters you see in this image:
                                        
                                        
                                            
                                        
                                            
                                                
                                                
                                                
                                                    Try different image"
"234","Handbags",NA,NA,"",NA,""
"235","Handbags",NA,NA,NA,NA,"Try different image"
"236","Handbags",NA,NA,NA,NA,"Try different image"
"237","Handbags",NA,NA,NA,NA,"Continue shopping"
"238","Handbags",NA,NA,NA,NA,NA
"239","Handbags",NA,NA,NA,NA,NA
"240","Handbags",NA,NA,NA,NA,NA
"241","Handbags",NA,NA,"",NA,"Enter the characters you see below
                Sorry, we just need to make sure you're not a robot. For best results, please make sure your browser is accepting cookies.
                
            

            

                
                    

                        
                            
                                
                                    
                                        Type the characters you see in this image:
                                        
                                        
                                            
                                        
                                            
                                                
                                                
                                                
                                                    Try different image
                                                
                                            
                                            
                                    
                                
                            

                            

                                
                                    
                                        
                                            Continue shopping"
"242","Handbags",NA,NA,"",NA,""
"243","Handbags",NA,NA,"",NA,"Type the characters you see in this image:
                                        
                                        
                                            
                                        
                                            
                                                
                                                
                                                
                                                    Try different image"
"244","Handbags",NA,NA,"",NA,""
"245","Handbags",NA,NA,NA,NA,"Try different image"
"246","Handbags",NA,NA,NA,NA,"Try different image"
"247","Handbags",NA,NA,NA,NA,"Continue shopping"
"248","Handbags",NA,NA,NA,NA,NA
"249","Handbags",NA,NA,NA,NA,NA
"250","Handbags",NA,NA,NA,NA,NA
"251","Handbags",NA,NA,"",NA,"Enter the characters you see below
                Sorry, we just need to make sure you're not a robot. For best results, please make sure your browser is accepting cookies.
                
            

            

                
                    

                        
                            
                                
                                    
                                        Type the characters you see in this image:
                                        
                                        
                                            
                                        
                                            
                                                
                                                
                                                
                                                    Try different image
                                                
                                            
                                            
                                    
                                
                            

                            

                                
                                    
                                        
                                            Continue shopping"
"252","Handbags",NA,NA,"",NA,""
"253","Handbags",NA,NA,"",NA,"Type the characters you see in this image:
                                        
                                        
                                            
                                        
                                            
                                                
                                                
                                                
                                                    Try different image"
"254","Handbags",NA,NA,"",NA,""
"255","Handbags",NA,NA,NA,NA,"Try different image"
"256","Handbags",NA,NA,NA,NA,"Try different image"
"257","Handbags",NA,NA,NA,NA,"Continue shopping"
"258","Handbags",NA,NA,NA,NA,NA
"259","Handbags",NA,NA,NA,NA,NA
"260","Handbags",NA,NA,NA,NA,NA
"261","Handbags",NA,NA,"",NA,"Enter the characters you see below
                Sorry, we just need to make sure you're not a robot. For best results, please make sure your browser is accepting cookies.
                
            

            

                
                    

                        
                            
                                
                                    
                                        Type the characters you see in this image:
                                        
                                        
                                            
                                        
                                            
                                                
                                                
                                                
                                                    Try different image
                                                
                                            
                                            
                                    
                                
                            

                            

                                
                                    
                                        
                                            Continue shopping"
"262","Handbags",NA,NA,"",NA,""
"263","Handbags",NA,NA,"",NA,"Type the characters you see in this image:
                                        
                                        
                                            
                                        
                                            
                                                
                                                
                                                
                                                    Try different image"
"264","Handbags",NA,NA,"",NA,""
"265","Handbags",NA,NA,NA,NA,"Try different image"
"266","Handbags",NA,NA,NA,NA,"Try different image"
"267","Handbags",NA,NA,NA,NA,"Continue shopping"
"268","Handbags",NA,NA,NA,NA,NA
"269","Handbags",NA,NA,NA,NA,NA
"270","Handbags",NA,NA,NA,NA,NA
"271","Handbags",NA,NA,"",NA,"Enter the characters you see below
                Sorry, we just need to make sure you're not a robot. For best results, please make sure your browser is accepting cookies.
                
            

            

                
                    

                        
                            
                                
                                    
                                        Type the characters you see in this image:
                                        
                                        
                                            
                                        
                                            
                                                
                                                
                                                
                                                    Try different image
                                                
                                            
                                            
                                    
                                
                            

                            

                                
                                    
                                        
                                            Continue shopping"
"272","Handbags",NA,NA,"",NA,""
"273","Handbags",NA,NA,"",NA,"Type the characters you see in this image:
                                        
                                        
                                            
                                        
                                            
                                                
                                                
                                                
                                                    Try different image"
"274","Handbags",NA,NA,"",NA,""
"275","Handbags",NA,NA,NA,NA,"Try different image"
"276","Handbags",NA,NA,NA,NA,"Try different image"
"277","Handbags",NA,NA,NA,NA,"Continue shopping"
"278","Handbags",NA,NA,NA,NA,NA
"279","Handbags",NA,NA,NA,NA,NA
"280","Handbags",NA,NA,NA,NA,NA
"281","Handbags",NA,NA,"",NA,"Enter the characters you see below
                Sorry, we just need to make sure you're not a robot. For best results, please make sure your browser is accepting cookies.
                
            

            

                
                    

                        
                            
                                
                                    
                                        Type the characters you see in this image:
                                        
                                        
                                            
                                        
                                            
                                                
                                                
                                                
                                                    Try different image
                                                
                                            
                                            
                                    
                                
                            

                            

                                
                                    
                                        
                                            Continue shopping"
"282","Handbags",NA,NA,"",NA,""
"283","Handbags",NA,NA,"",NA,"Type the characters you see in this image:
                                        
                                        
                                            
                                        
                                            
                                                
                                                
                                                
                                                    Try different image"
"284","Handbags",NA,NA,"",NA,""
"285","Handbags",NA,NA,NA,NA,"Try different image"
"286","Handbags",NA,NA,NA,NA,"Try different image"
"287","Handbags",NA,NA,NA,NA,"Continue shopping"
"288","Handbags",NA,NA,NA,NA,NA
"289","Handbags",NA,NA,NA,NA,NA
"290","Handbags",NA,NA,NA,NA,NA
"291","Handbags",NA,NA,"",NA,"Enter the characters you see below
                Sorry, we just need to make sure you're not a robot. For best results, please make sure your browser is accepting cookies.
                
            

            

                
                    

                        
                            
                                
                                    
                                        Type the characters you see in this image:
                                        
                                        
                                            
                                        
                                            
                                                
                                                
                                                
                                                    Try different image
                                                
                                            
                                            
                                    
                                
                            

                            

                                
                                    
                                        
                                            Continue shopping"
"292","Handbags",NA,NA,"",NA,""
"293","Handbags",NA,NA,"",NA,"Type the characters you see in this image:
                                        
                                        
                                            
                                        
                                            
                                                
                                                
                                                
                                                    Try different image"
"294","Handbags",NA,NA,"",NA,""
"295","Handbags",NA,NA,NA,NA,"Try different image"
"296","Handbags",NA,NA,NA,NA,"Try different image"
"297","Handbags",NA,NA,NA,NA,"Continue shopping"
"298","Handbags",NA,NA,NA,NA,NA
"299","Handbags",NA,NA,NA,NA,NA
"300","Handbags",NA,NA,NA,NA,NA
